times (ms),x-accel,y-accel,z-accel
19339.28894,0.085571,-1.002472,-0.106659
19339.3161,0.042648,-0.998749,-0.120621
19339.343249999998,0.067596,-0.997543,-0.130157
19339.37041,0.08226,-0.993469,-0.141449
19339.39756,0.064041,-1.002228,-0.142166
19339.42475,0.055832,-1.001266,-0.134171
19339.45191,0.054123,-0.997498,-0.134552
19339.47905,0.056732,-0.997375,-0.141647
19339.506200000003,0.054977,-0.999023,-0.137711
19339.53335,0.062317,-1.000046,-0.137833
19339.56054,0.059891,-1.004349,-0.126282
19339.587689999997,0.055435,-1.002411,-0.13797
19339.61483,0.05629,-0.999847,-0.136963
19339.64198,0.055832,-0.990158,-0.144348
19339.669130000006,0.054672,-0.996658,-0.134354
19339.69631,0.053314,-0.996887,-0.145981
19339.72346,0.064728,-0.999008,-0.136185
19339.75061,0.054276,-0.995712,-0.138596
19339.777750000005,0.054199,-0.999237,-0.135574
19339.80491,0.062637,-1.000824,-0.145416
19339.832089999996,0.05217,-0.998734,-0.137283
19339.85924,0.053192,-0.997604,-0.143967
19339.88639,0.053116,-0.995026,-0.141983
19339.913539999998,0.054276,-1.003448,-0.138031
19339.94069,0.053528,-0.997177,-0.147919
19339.967880000004,0.051071,-1.001068,-0.142456
19339.995030000002,0.053787,-0.998352,-0.143173
19340.02218,0.054016,-1.003815,-0.143539
19340.04933,0.05307,-1.000122,-0.14743
19340.07649,0.04538,-1.007904,-0.145813
19340.10367,0.053482,-0.998901,-0.157028
19340.13082,0.053772,-1.003845,-0.149857
19340.15797,0.051193,-0.995361,-0.143677
19340.18512,0.053726,-0.992767,-0.143112
19340.212270000004,0.053589,-0.998169,-0.136581
19340.23945,0.053574,-0.997665,-0.135086
19340.266609999995,0.053497,-0.99585,-0.133881
19340.29376,0.037338,-0.998917,-0.149445
19340.320919999995,0.040451,-1.005325,-0.143112
19340.34807,0.052002,-1.001236,-0.154663
19340.37526,0.052673,-0.989182,-0.156616
19340.40241,0.041733,-1.004852,-0.147415
19340.42956,0.045959,-0.997086,-0.154724
19340.45672,0.045593,-1.00386,-0.134048
19340.48387,0.044617,-0.999619,-0.156509
19340.51106,0.046432,-0.994125,-0.16684
19340.538210000002,0.049377,-1.004837,-0.169022
19340.56536,0.054855,-1.017609,-0.177719
19340.592510000002,0.051544,-0.935394,-0.379227
19340.61967,0.059464,-0.970154,-0.124847
19340.64686,0.087357,-1.043503,0.064011
19340.67401,0.051666,-1.021957,0.096207
19340.701159999982,-0.019882,-1.017578,-0.007797
19340.728309999995,0.046143,-1.015808,-0.031845
19340.75546,0.072586,-1.001587,-0.06868
19340.78264,0.055679,-1.00322,-0.077621
19340.809790000003,0.041489,-1.015213,-0.061096
19340.83694,0.034378,-1.014801,-0.024689
19340.86409,0.039642,-1.005249,-0.028748
19340.89123,0.040009,-1.011703,-0.037155
19340.91842,0.033783,-1.016556,-0.032135
19340.94557,0.041962,-1.022217,-0.008392
19340.972720000005,0.046448,-1.004944,0.006393
19340.999869999996,-0.002792,-1.026703,0.001251
19341.027019999998,-0.013092,-1.043839,0.011047
19341.054209999995,0.020813,-1.029419,0.02005
19341.08136,0.117447,-1.035385,0.098618
19341.108509999995,0.376694,-1.09935,0.203522
19341.135660000004,0.392395,-1.063614,0.320953
19341.16281000001,0.053589,-1.040314,0.159485
19341.190000000002,-0.154068,-0.908325,0.133011
19341.21715,-0.192337,-0.833221,0.062302
19341.2443,-0.193893,-0.801865,0.066269
19341.27145,-0.20224,-0.863892,0.084259
19341.298609999998,-0.116821,-1.025986,0.088806
19341.3258,-0.036346,-1.065369,0.02359
19341.352949999997,0.022034,-1.02832,0.001282
19341.3801,-0.012772,-1.139587,0.042419
19341.40725,-0.179565,-1.023163,-0.150421
19341.4344,-0.169968,-1.099609,-0.04567
19341.46145,0.008575,-1.0905,0.170227
19341.4886,0.202774,-0.963272,0.297989
19341.51575,0.274963,-0.900574,0.249603
19341.54291,0.085815,-0.740875,0.193115
19341.57006,0.078537,-0.827942,0.079498
19341.59725,-0.555573,-1.056747,-0.126282
19341.6244,-0.579559,-1.177002,-0.321793
19341.65155,-0.295059,-1.087631,-0.12442
19341.678700000004,-0.027069,-1.086716,0.231476
19341.70585,-0.193069,-1.030304,0.331238
19341.73303,-0.327286,-0.988144,0.037445
19341.76019,-0.121567,-0.996628,-0.046585
19341.78734,0.102295,-1.00174,0.080856
19341.81449,-0.025162,-1.011459,0.086609
19341.84164,-0.190247,-0.992737,-0.019348
19341.868820000003,-0.099304,-1.034515,0.071457
19341.895969999998,-0.03598,-1.021103,0.131165
19341.923130000003,-0.09671,-1.008484,0.05014
19341.950279999997,-0.084366,-1.000717,-0.001953
19341.97743,-0.030792,-1.024231,0.010513
19342.00462,-0.017548,-0.991806,0.1026
19342.03177,-0.044037,-1.014221,0.081055
19342.05892,-3.05E-4,-0.994751,0.067307
19342.08607,-0.01947,-1.004807,7.93E-4
19342.11322,-0.030197,-0.994263,-0.027115
19342.140399999986,0.024887,-0.963943,-0.005814
19342.16755,0.022354,-1.006531,0.004227
19342.1947,-0.010666,-0.999084,0.03183
19342.22185,0.002548,-0.985748,0.04982
19342.24899,-0.027496,-1.03688,-0.008163
19342.27618,0.017456,-0.994476,0.052109
19342.30333,-0.004532,-1.026611,-0.007126
19342.330479999997,-0.028305,-1.036819,-0.029099
19342.35763,-0.0979,-1.067627,0.078079
19342.38478,-0.042572,-0.983475,0.008148
19342.41197,0.026596,-0.99408,-0.053513
19342.43910999999,-0.002869,-1.009537,0.011963
19342.46626,-0.040283,-0.993484,0.001053
19342.49341,0.03447,-1.006668,0.012085
19342.52056,0.033783,-0.991638,0.00325
19342.54775,-0.005432,-0.955292,-0.077576
19342.5749,0.100159,-1.061371,0.034012
19342.60205,0.034149,-1.01889,0.107117
19342.6292,-0.081039,-1.029282,-0.046173
19342.65635,0.057419,-1.009689,-0.002457
19342.68354,0.02594,-0.999786,-0.051376
19342.71069,0.033707,-1.022018,0.034897
19342.73784,0.036255,-1.006607,-5.95E-4
19342.76499,0.032257,-1.008209,-0.04805
19342.79214,0.047562,-0.994949,-0.013229
19342.81933,0.060089,-1.014053,0.036484
19342.84648,0.084045,-1.007843,0.046692
19342.87363,0.093674,-1.006393,0.022614
19342.90079,0.079514,-1.022232,0.033173
19342.92794,0.05191,-1.001511,0.028061
19342.95512999999,0.053055,-1.003601,-0.009109
19342.98228,0.090073,-1.016632,0.02597
19343.00943,0.090164,-0.99826,0.041153
19343.03658,0.080246,-1.012131,0.025757
19343.06373,0.055679,-1.016373,0.004288
19343.09092,0.073105,-1.024338,0.027527
19343.11807,0.151566,-1.016388,0.118988
19343.14521,0.163315,-1.030167,0.119415
19343.17236,0.176483,-1.037231,0.123322
19343.19951,0.169373,-1.036331,0.139481
19343.2267,0.19429,-1.048096,0.210358
19343.253850000005,0.187714,-1.068024,0.118713
19343.281000000006,0.188629,-1.10527,0.100067
19343.30815,0.172684,-1.126282,0.20665
19343.335299999995,0.165985,-1.114441,0.407379
19343.362489999996,0.0793,-1.287888,0.154724
19343.38963,0.065521,-1.348984,0.151062
19343.41679,0.144653,-1.23912,0.077194
19343.44393,0.666794,-1.358139,0.353745
19343.471079999992,0.623932,-1.191269,0.05191
19343.498269999985,0.512482,-0.687668,0.182129
19343.52541,0.230286,-0.573853,0.05838
19343.55256,-0.010284,-0.572449,-0.228729
19343.5797,-0.14238,-0.334335,0.016266
19343.60685,0.025177,-0.46553,0.239944
19343.63404,0.327911,-0.796249,0.06485
19343.66119,0.270676,-0.614883,0.055618
19343.68834,0.222733,-0.82608,0.064651
19343.71549,0.218719,-1.022034,0.111618
19343.74265,0.305069,-1.170044,0.115356
19343.76984,0.423538,-1.477066,0.124603
19343.79699,0.303467,-1.412918,0.217285
19343.824129999997,0.147308,-1.437744,0.201797
19343.85129,0.03537,-1.465103,0.270279
19343.87844,0.373032,-1.47226,0.721527
19343.90562,0.514038,-1.117523,0.423401
19343.93277,0.126968,-0.938446,0.201248
19343.95992,0.56926,-0.620956,0.591034
19343.98707,0.788589,-0.648804,0.284256
19344.01422,0.61882,-0.848251,0.174011
19344.04141,0.139206,-1.592834,0.179642
19344.068559999996,-0.30426,-1.19548,-0.086243
19344.09571,-0.590363,-1.357468,-0.64772
19344.122860000003,-0.054932,-1.421738,-0.10498
19344.15001,0.494995,-1.280762,1.107224
19344.1772,-0.090179,-1.06221,0.469131
19344.20435,-0.467377,-0.838409,-0.239609
19344.2315,-0.533661,-0.723724,-0.599442
19344.25865,-0.120895,-0.973633,-0.542404
19344.2858,0.055618,-0.987167,-0.221771
19344.31299,-0.060501,-0.99675,0.14325
19344.34014,-0.245682,-1.050766,0.372238
19344.36729,-0.231049,-1.082458,0.024506
19344.39444,-0.106491,-1.004684,-0.057114
19344.42159,-0.164291,-0.957062,-0.054184
19344.44878,-0.183151,-1.018143,-0.04306
19344.475929999997,-0.163971,-1.013885,0.001389
19344.50308,-0.075623,-1.029099,0.078842
19344.53023,0.042969,-1.014206,0.171722
19344.55739,0.159943,-1.029861,0.212341
19344.58457,0.159317,-1.008774,0.164658
19344.61173,0.095413,-1.031967,0.0578
19344.63888,0.031326,-1.130264,0.131805
19344.66603,0.026993,-1.124161,0.22345
19344.69318,0.04982,-1.046814,0.299347
19344.720370000003,0.140045,-1.168488,0.354034
19344.74753,0.063309,-1.223923,0.12384
19344.77468,0.015747,-1.299942,0.105316
19344.801829999997,-0.049301,-1.615967,-0.064163
19344.82898,0.078629,-1.54924,-0.041885
19344.85617,0.674179,-1.584091,0.049026
19344.88333,0.557678,-1.136398,-0.165543
19344.91048,0.147659,-0.63649,-0.272385
19344.93763,-0.294235,-0.985291,-0.372772
19344.964770000002,-0.449539,-0.491394,-0.056702
19344.99197,-0.044968,-0.761566,0.244781
19345.01911,0.189255,-0.821289,0.158493
19345.046249999996,0.209,-0.827133,0.240875
19345.073419999997,0.448166,-1.019287,0.302277
19345.10057,0.037659,-1.157135,0.111633
19345.127759999996,0.100266,-1.30838,0.102921
19345.15491,0.159332,-1.464035,0.181763
19345.18206,0.093353,-1.57724,0.22934
19345.209210000005,0.084106,-1.755096,0.46489
19345.236370000002,0.047592,-1.116516,0.588394
19345.26355,0.317673,-1.134201,0.782166
19345.2907,0.867401,-0.832809,1.344543
19345.31786,1.343857,-0.252426,1.37648
19345.34501,1.913147,-0.6427,0.494278
19345.37217,0.844849,-1.520813,-0.930145
19345.39936,-0.330246,-1.274231,-0.389114
19345.42651,0.300217,-2.452805,0.831985
19345.45367,-0.10675,-1.006821,1.645798
19345.48082,-0.520462,-0.720795,-0.411041
19345.50797,-0.456116,-0.653061,-0.755783
19345.53516,0.044861,-0.89209,-1.276672
19345.56232,0.195099,-0.992249,-0.332932
19345.58947,0.028824,-1.031021,-0.046234
19345.616619999997,-0.195663,-1.005173,0.364899
19345.64377,-0.213806,-1.086945,0.333588
19345.670950000003,-0.452698,-0.914688,-0.404297
19345.69811,0.694824,-0.712311,1.892578
19345.72526,0.572693,-1.135483,0.080124
19345.75241,0.437607,-0.907181,-0.384979
19345.77957,0.23204,-1.101349,-0.215118
19345.80675,0.0681,-1.063721,0.333115
19345.8339,-0.117798,-1.064392,0.250763
19345.86105,-0.053726,-0.97699,-0.053864
19345.888209999994,0.180588,-1.013107,0.109802
19345.91536,0.184433,-1.048096,0.122803
19345.94255,0.051102,-1.115936,0.147385
19345.9697,-0.03772,-1.283524,0.110077
19345.99686,-0.09436,-1.124405,0.18277
19346.02401,-0.388489,-1.50415,-0.267868
19346.051160000006,-0.097275,-1.434341,0.320999
19346.07835,0.654556,-1.902451,0.512711
19346.105500000005,1.344116,-1.537292,0.16449
19346.13266,1.485168,-1.85025,-0.54129
19346.15981,0.192688,-0.599121,-0.439575
19346.18696,-0.490524,-0.235062,-0.158218
19346.21414,-0.657791,-0.089966,0.639633
19346.24129,-0.458023,-0.39151,0.276093
19346.26844,-0.116501,-0.581894,0.028748
19346.295590000005,0.395416,-1.071075,0.166901
19346.322740000003,0.504471,-1.110184,0.304581
19346.34993,0.511154,-1.408493,0.340164
19346.37708,0.351028,-1.655319,0.333344
19346.40423,0.173096,-1.960007,0.309479
19346.43138,0.012924,-2.021454,0.352539
19346.45836,0.058502,-1.549164,0.784256
19346.48555,0.317215,-0.979187,1.018265
19346.51271,1.025513,-0.337234,1.79921
19346.539860000004,1.25322,0.075333,1.065781
19346.567010000002,1.743088,-2.089813,0.121994
19346.59417,0.908936,-1.129089,-1.026871
19346.62135,-0.043839,-1.101089,-0.173141
19346.64851,-0.335403,-2.490051,2.458939
19346.675659999997,-0.983856,-1.115799,1.173096
19346.70281,-0.476303,-1.107513,-0.251404
19346.729959999997,-0.194794,-0.909225,-0.71814
19346.75715,0.21904,-1.012512,-0.560806
19346.7843,0.045227,-1.056015,0.020615
19346.81145,-0.240646,-0.996078,0.225464
19346.8386,-0.28952,-0.985214,-0.146088
19346.86575,-0.014893,-1.057083,-0.206055
19346.89294,-0.004135,-1.168839,0.053848
19346.92009,-0.071762,-1.111465,0.303329
19346.94724,-0.081161,-1.070236,0.089539
19346.97439,-0.079239,-1.007584,0.001312
19347.001530000005,-0.016495,-0.983139,0.084335
19347.02872,0.078247,-0.954056,0.14801
19347.05587,0.104858,-1.046295,0.065399
19347.08302,0.006989,-1.082123,0.138336
19347.110169999996,-0.107468,-1.02951,0.178223
19347.13732,-0.223587,-1.165619,0.15802
19347.16451,-0.366577,-1.494247,-0.001602
19347.19165,-0.273819,-1.47937,-0.070312
19347.218810000002,-0.002487,-1.263901,0.238602
19347.245960000007,0.558945,-1.988922,0.405197
19347.27311,1.343536,-2.101074,0.336502
19347.3003,1.375885,-1.260773,-0.334732
19347.32745,0.576157,-1.065994,-0.493408
19347.35461,-0.180115,-0.198395,-0.220749
19347.38175,-0.61937,-0.063843,0.389999
19347.40891,-0.631027,-0.519363,0.366791
19347.4361,-0.155914,-1.043182,0.239487
19347.46325,0.154892,-0.910339,0.341187
19347.4904,0.2565,-1.169724,0.3452
19347.517550000004,0.215103,-1.446274,0.374756
19347.54469,0.075073,-1.687149,0.439651
19347.57189,-0.103195,-1.907013,0.38591
19347.59904,-0.239395,-2.041016,0.419479
19347.62619,-0.025772,-1.5354,1.093536
19347.65334,0.677322,-0.842026,1.725327
19347.68049,1.354034,-0.289169,1.99144
19347.70767,1.472855,-0.085709,0.98732
19347.73482,1.272354,-1.375351,-0.280853
19347.76197,-0.295609,-2.035782,-3.260651
19347.78911,-0.070465,-1.394623,-0.025681
19347.81626,-0.115524,-2.582504,2.890381
19347.843450000004,-0.593506,-0.892929,0.343658
19347.8706,-0.396805,-1.014618,-0.200104
19347.897749999996,-0.2948,-0.684494,-0.75824
19347.924890000002,-0.010956,-0.882401,-0.89595
19347.952040000004,0.159027,-1.084488,-0.416031
19347.979219999997,-0.020111,-0.96051,0.036697
19348.006380000003,-0.232498,-1.010239,0.164841
19348.03352999999,-0.254593,-1.013214,-0.046585
19348.06067,-0.127014,-1.040771,-0.108627
19348.08782,-0.027344,-1.031662,0.016418
19348.11501,0.031876,-1.057404,0.148575
19348.14216,0.029785,-1.047012,0.214279
19348.16931,-0.052887,-1.00528,0.172806
19348.19647,-0.039368,-1.019608,0.058914
19348.22361,-0.019089,-1.060486,0.028534
19348.2508,-0.048737,-1.107727,0.015091
19348.27795,-0.180008,-1.078293,0.170547
19348.3051,-0.233719,-1.240646,0.177872
19348.33225,-0.326599,-1.352631,-0.092575
19348.35939,-0.321838,-1.219543,-0.020721
19348.38658,-0.248169,-1.870148,-0.386459
19348.41373,0.238434,-1.556046,0.34285
19348.44088,1.416412,-3.219925,0.503738
19348.468020000004,0.551315,-0.515686,-0.224731
19348.495180000005,0.910904,-1.672104,-0.505203
19348.522359999984,-0.108673,-0.232971,-0.503571
19348.54951,-0.592712,-0.029388,-0.406784
19348.57666,-0.564651,-0.466461,0.058868
19348.60381,-0.088699,-0.989853,0.237091
19348.63096,0.21344,-1.011749,0.426071
19348.65815,0.349869,-1.331085,0.383148
19348.6853,0.342987,-1.501709,0.285767
19348.712449999995,0.28714,-1.641708,0.242844
19348.7396,0.153915,-1.942383,0.329102
19348.76675,0.004288,-1.878708,0.633926
19348.79393,0.475311,-1.281448,1.237091
19348.82108,0.92691,-0.814484,1.409225
19348.84823,1.407471,-0.329407,1.450058
19348.87538,1.386871,-0.334396,0.804718
19348.902520000003,1.199844,-0.943344,0.099854
19348.92971,0.006836,-1.871613,-0.778976
19348.95685,-0.558105,-2.961594,0.28096
19348.98401,-0.775162,-0.723831,2.170685
19349.01116,-0.523392,-1.149292,0.314117
19349.038309999996,-0.217682,-0.639877,-0.688843
19349.0655,0.041519,-0.970322,-0.933731
19349.09265,0.150131,-1.100296,-0.367264
19349.1198,-0.128693,-1.010208,0.05867
19349.146950000002,-0.310028,-1.030594,0.163773
19349.174100000004,-0.253876,-1.077682,-0.066528
19349.201290000005,-0.08429,-1.035019,-0.041595
19349.22843,-0.01004,-1.04126,0.061584
19349.25558,0.040756,-1.004562,0.04274
19349.28273,0.017365,-0.959335,-0.051895
19349.30989,0.00296,-0.938889,0.045517
19349.337070000005,0.013214,-0.969986,0.147705
19349.36422,-0.033615,-1.074265,0.007812
19349.39137,-0.089584,-1.076965,-0.03067
19349.41852,-0.183701,-1.028519,0.143265
19349.44567,-0.21463,-1.155762,0.387222
19349.472859999998,-0.4104,-1.411545,-0.057098
19349.50001,-0.532654,-1.552902,-0.151382
19349.52716,-0.298004,-1.65802,-0.182846
19349.55431,0.727005,-2.242661,0.13504
19349.58147,1.481354,-1.802032,0.573364
19349.60866,0.880295,-1.30838,-0.458908
19349.635810000003,0.227936,-0.600403,-0.546875
19349.66296,-0.401596,-0.059296,-0.25264
19349.69011,-0.632263,-0.125214,0.013535
19349.717150000004,-0.520874,-0.669174,0.047714
19349.74445,-0.07991,-1.064941,0.387421
19349.7716,0.041336,-1.232101,0.285187
19349.79875,0.163773,-1.496368,0.306259
19349.82591,0.178009,-1.621811,0.193863
19349.85306,0.051987,-1.856552,0.366638
19349.880240000002,0.108185,-1.922302,0.489655
19349.90739,0.370346,-1.594086,1.063599
19349.934539999995,0.602615,-0.72879,1.067291
19349.961689999996,1.164368,-0.607864,1.404938
19349.98884,1.289902,-0.285538,1.048248
19350.01604,1.228912,-1.745621,0.345871
19350.043170000004,0.682526,-0.989441,-0.073959
19350.07034,-0.613007,-1.004333,-0.115646
19350.09749,-0.529327,-2.926712,1.011688
19350.124649999998,-0.531128,-0.981445,1.678009
19350.15183,-0.404663,-0.768051,-0.322861
19350.17898000001,-0.17337,-0.914871,-0.954758
19350.20614,0.178864,-0.984085,-0.300476
19350.23329,-0.051422,-1.056427,0.226578
19350.26044,-0.266174,-1.020508,0.147934
19350.28762,-0.228668,-1.060318,-0.216293
19350.31477,-0.099823,-1.017853,-0.011047
19350.341929999995,-0.082169,-1.029968,0.011826
19350.36908,0.057449,-1.012894,0.094452
19350.39623,0.026077,-0.993042,-0.051758
19350.42341,-0.005936,-0.968246,0.038406
19350.450559999997,-0.024246,-1.025742,0.191483
19350.47772,-0.048721,-1.051941,0.11409
19350.504869999997,-0.101669,-1.057953,0.070999
19350.53202,-0.137192,-1.035233,0.202209
19350.5592,-0.201859,-1.212143,0.215118
19350.58635000001,-0.495071,-1.457657,-0.19249
19350.6135,-0.416428,-1.469269,-0.005554
19350.64065,-0.182617,-1.599579,0.05368
19350.6678,0.666946,-2.300659,0.385941
19350.69499,1.221329,-1.596527,0.556992
19350.72214,1.081345,-1.65332,-0.546677
19350.7493,0.472214,-0.963516,-0.686508
19350.77645,-0.397781,-0.252731,-0.502609
19350.803590000003,-0.580231,-0.209106,0.035583
19350.83078,-0.501892,-0.396561,0.32045
19350.85793,0.107986,-0.912094,0.361115
19350.88508,0.1931,-0.929306,0.137161
19350.912239999998,0.309174,-1.282242,0.283646
19350.939389999996,0.391006,-1.565491,0.366608
19350.96657,0.300095,-1.805527,0.304199
19350.99372,0.156479,-2.138687,0.251633
19351.02087,-0.068756,-2.211105,0.557281
19351.048020000002,0.25,-1.188278,1.506104
19351.07518,1.239792,-0.648087,2.343491
19351.10236,1.567886,0.192261,1.516098
19351.129509999995,1.700546,-0.931763,0.580444
19351.15666,0.116806,-1.805084,-1.618622
19351.18381,-0.22731,-0.781998,-0.190323
19351.21096,0.021683,-2.3582,1.384811
19351.23815,-0.502869,-0.999954,1.426208
19351.2653,-0.384155,-1.136429,0.02533
19351.29245,-0.244705,-0.860123,-0.470383
19351.3196,-0.25441,-0.869461,-0.816315
19351.34675,-0.022888,-1.02269,-0.583099
19351.37393,0.024307,-1.014008,-0.141464
19351.40108,-0.138489,-1.029541,0.122971
19351.42823000001,-0.284912,-0.999405,0.064285
19351.45523,-0.216599,-1.058762,-0.19075
19351.48238,0.003845,-1.015625,0.068481
19351.509559999995,0.053711,-1.027695,0.108383
19351.53671,-0.013779,-1.014069,0.143845
19351.563869999998,-0.016434,-0.992279,0.10907
19351.59102,-0.052353,-1.059433,0.03891
19351.61817,-0.121674,-1.112305,-0.050964
19351.64536,-0.180939,-1.092575,0.116409
19351.67251,-0.308884,-1.224335,0.231094
19351.69966,-0.436188,-1.366806,-0.039978
19351.7268,-0.53035,-1.700119,-0.185867
19351.75395,-0.433823,-1.468307,-0.247711
19351.78114,0.240738,-1.66185,0.125046
19351.80828,1.708099,-2.551208,0.679108
19351.83543,0.89502,-1.530563,-0.590393
19351.86259,0.801956,-1.284088,-0.620392
19351.88973,-0.080536,-0.200699,-0.400177
19351.91691,-0.392303,-0.120193,-0.02771
19351.944060000005,-0.48645,-0.293915,0.499908
19351.971210000003,-0.154373,-0.970245,0.253784
19351.99836,0.032837,-0.92189,0.132797
19352.02551,0.123215,-1.05336,0.196411
19352.05269,0.175064,-1.475327,0.351486
19352.07984,0.255768,-1.783066,0.54071
19352.10699,0.097244,-1.940704,0.42865
19352.13413,0.089401,-2.118134,0.565384
19352.16128,0.311935,-1.486984,1.206284
19352.18847,0.853973,-0.76889,1.463669
19352.21562,1.925766,-0.312881,2.269058
19352.24277,1.539505,-0.189163,0.778122
19352.26992,0.763702,-1.699097,-0.681961
19352.29706,-0.167511,-1.29335,-1.140259
19352.32425,0.008392,-1.410706,0.599899
19352.3514,-0.544373,-3.141693,2.626785
19352.37855,-0.513885,-0.766068,0.100281
19352.4057,-0.238113,-1.041229,-0.37944
19352.43285,-0.224365,-1.027588,-0.690262
19352.46002999999,-0.023331,-1.00293,-0.390503
19352.487179999996,4.88E-4,-1.012604,-0.060318
19352.514320000006,-0.159729,-1.008286,0.010971
19352.54148,-0.230194,-1.036179,-0.104645
19352.568630000005,-0.165344,-1.028137,-0.114456
19352.59580999999,0.155487,-1.015289,0.248703
19352.62296,0.03009,-1.021545,0.025558
19352.65011,-0.068344,-0.982101,-0.126389
19352.67726,-0.043686,-0.958817,0.095215
19352.70441,-0.022049,-1.065262,0.099228
19352.7316,-0.051086,-1.105957,0.029083
19352.75874,-0.205231,-1.137009,0.044662
19352.785899999995,-0.311554,-1.184296,0.216232
19352.81305,-0.470413,-1.483185,0.062424
19352.84019,-0.491806,-1.477188,-0.174667
19352.86738,-0.140381,-1.802155,-0.174286
19352.89453,0.460129,-1.998764,0.497772
19352.92167,1.252716,-2.402206,0.610748
19352.94882,0.477768,-0.942474,-0.533722
19352.97597,0.496841,-1.002594,-0.594223
19353.003150000004,-0.225815,-0.295059,-0.578018
19353.0303,-0.294403,-0.244965,-0.143066
19353.05745,-0.043213,-0.465347,0.379272
19353.0846,0.135498,-0.812531,0.422913
19353.11175,0.198288,-0.901108,0.226913
19353.13893,0.335724,-1.147736,0.412354
19353.16608,0.160156,-1.378723,0.331223
19353.19323,0.204407,-1.712723,0.287369
19353.22038,0.049042,-2.028442,0.213821
19353.24753,0.010437,-2.468109,0.956299
19353.27472,0.249161,-0.97731,1.474915
19353.30187,1.458038,-0.745193,2.036789
19353.32902,1.701004,0.104813,1.279144
19353.35617,1.851334,-1.177032,0.258148
19353.38332,0.106644,-1.57106,-1.86673
19353.4105,-0.29306,-0.783142,-0.267273
19353.43765,-0.318527,-2.212082,1.398529
19353.4648,-0.329544,-0.815247,1.357727
19353.491939999996,-0.179489,-1.048355,-0.062927
19353.519080000002,-0.342514,-0.899597,-0.65834
19353.54627,-0.069717,-1.045059,-0.3918
19353.573410000005,-0.056473,-1.134583,0.269653
19353.600559999995,-0.162323,-1.025345,0.324982
19353.62771,-0.131714,-0.980606,-0.307861
19353.654850000006,-0.107941,-0.979599,-0.409561
19353.68204,-0.100403,-1.0354,-0.062103
19353.70918,-0.022598,-1.041992,0.346313
19353.736339999992,-0.01265,-1.029922,0.284409
19353.763489999987,-0.002548,-0.957977,-0.09761
19353.79064,0.055771,-0.914841,-0.124191
19353.81782,0.123047,-0.962402,0.021454
19353.84498,0.11879,-1.040283,0.02124
19353.87213,-0.068344,-1.059067,0.087021
19353.89929,-0.175659,-1.070877,0.182892
19353.926440000003,-0.244644,-1.199448,0.168076
19353.95363,-0.320572,-1.360275,-0.092514
19353.98079,-0.453445,-1.274109,0.007507
19354.00794,-0.265564,-1.662598,0.059967
19354.035090000005,-0.003723,-1.422714,0.566574
19354.06224,1.163376,-3.181229,1.015579
19354.08943,0.840576,-0.365585,0.135391
19354.11658,1.037109,-1.851868,-0.911209
19354.14373,0.113998,-0.306931,-0.793533
19354.17088,-0.400925,-0.064362,-0.515778
19354.19803,-0.417633,-0.369034,0.026657
19354.22522,-0.341705,-0.6931,0.49292
19354.25237,-0.018829,-0.923889,0.676147
19354.27951,0.220718,-1.114044,0.386337
19354.30666,0.218628,-1.332611,0.414795
19354.333819999996,0.176147,-1.527695,0.323029
19354.361,0.351959,-1.804367,0.363266
19354.38815,0.185715,-1.907898,0.358032
19354.415300000004,0.031311,-1.713638,0.836136
19354.442450000002,0.469727,-1.025589,1.141174
19354.46959,0.918396,-0.575089,1.201721
19354.496779999998,1.302979,-0.388901,0.931778
19354.52393,1.345901,-1.339478,0.33963
19354.55108,0.59082,-1.364639,0.111618
19354.57822,0.131195,-1.545792,-0.652771
19354.60537,-0.827087,-0.731491,-0.297836
19354.63255,-1.319107,-2.511719,1.113754
19354.6597,-0.423874,-1.080444,0.688828
19354.68684,-0.01712,-1.111267,0.197708
19354.71399,0.073471,-0.883224,-0.386612
19354.74114,0.15062,-0.942322,-0.537109
19354.768320000003,0.062363,-0.980179,-0.443268
19354.79547,-0.267883,-1.013947,-0.189743
19354.82261,-0.24971,-0.969803,0.053833
19354.84976,-0.082047,-0.973206,0.036987
19354.87691,-0.71373,-0.882523,-1.088333
19354.90409,1.149277,-0.735718,2.566574
19354.93124,0.834885,-1.309052,-0.130157
19354.95839,-0.065872,-0.862015,0.014313
19354.985540000005,-0.539307,-1.40303,0.488083
19355.01269,-0.449234,-1.126434,0.116028
19355.039880000004,-0.027695,-1.169342,-0.015411
19355.067030000006,-0.215317,-1.043976,0.541183
19355.09418,-0.251617,-1.071976,0.403503
19355.12133,-0.261002,-1.176712,-0.165848
19355.14848,-0.294754,-1.228104,-0.3311
19355.17566,-0.156494,-1.537552,-0.199417
19355.20281,-0.022232,-1.252914,0.019836
19355.229960000004,0.330215,-1.202255,0.816574
19355.25711,1.201599,-2.716461,0.431793
19355.284250000004,0.782486,-0.691757,-0.081116
19355.311440000005,0.632706,-1.577179,-0.505615
19355.338590000003,-0.312622,-0.447693,-0.505814
19355.36573,-0.634689,-0.149399,-0.189056
19355.39288,-0.544388,-0.319351,0.252441
19355.42003,-0.197021,-0.715118,0.155762
19355.44722,0.250168,-0.985168,0.127167
19355.47437,0.43486,-1.152573,0.260712
19355.50152,0.62262,-1.512833,0.334793
19355.52867,0.718155,-1.704514,0.426376
19355.55582,0.395584,-1.794373,0.186996
19355.583009999995,0.345093,-2.350464,0.224457
19355.61016,0.34407,-1.751343,1.095413
19355.6373,0.45343,-0.933212,1.390549
19355.66445,1.088455,-0.433868,1.560272
19355.6916,1.281113,-0.097702,1.220306
19355.718790000006,1.326889,-1.554413,0.530533
19355.745939999997,0.508102,-1.53624,-0.633194
19355.77309,-0.261932,-0.766571,-0.404663
19355.80024,-0.23999,-3.323135,0.402939
19355.82739,-0.828461,-1.219391,1.896591
19355.854580000003,-0.594193,-0.833801,-0.074921
19355.88173,-0.483475,-0.825638,-0.6203
19355.908880000003,-0.209717,-0.919296,-0.706711
19355.93603,0.076904,-1.003876,-0.279434
19355.96318,-0.008606,-0.95961,-0.089294
19355.99037,-0.140991,-1.063187,0.001419
19356.01752,-0.202072,-1.010452,-0.034103
19356.04467,-0.14267,-1.05249,-0.024048
19356.07183,-0.09642,-1.009033,0.066467
19356.09898,0.018723,-1.143509,0.047104
19356.12617,-0.020493,-1.027344,-0.019455
19356.15332,-0.064545,-0.950775,-0.021622
19356.180470000007,-0.037308,-1.012466,0.016418
19356.20762,-0.065308,-1.088821,0.172241
19356.23477,-0.142776,-1.07901,0.179123
19356.261959999996,-0.236877,-1.16597,0.166977
19356.28911,-0.300903,-1.394653,-0.058746
19356.31626,-0.512787,-1.570251,-0.237015
19356.34341,-0.35463,-1.704895,0.028458
19356.37056,0.086517,-1.897141,0.042587
19356.39775,1.306061,-1.951218,0.899963
19356.4249,0.824982,-1.137329,-0.378586
19356.45205,0.446136,-0.984726,-0.728333
19356.479050000005,-0.301834,-0.225021,-0.363449
19356.506200000003,-0.630188,-0.157043,-0.030563
19356.533379999997,-0.643585,-0.254944,0.45076
19356.560539999995,-0.305145,-0.761215,0.29718
19356.58769,0.139267,-1.033081,0.586731
19356.61484,0.140335,-1.182404,0.380295
19356.642,0.075592,-1.463486,0.404037
19356.66919,0.011047,-1.700394,0.341507
19356.69634,-0.13443,-1.880981,0.266434
19356.72349,-0.179169,-1.949677,0.336563
19356.75065,0.113602,-1.556122,0.970383
19356.7778,0.786118,-0.803894,1.773819
19356.80499,1.612198,-0.166794,1.998322
19356.83214,1.7005,-0.40184,1.007431
19356.85929,1.02774,-1.641342,-1.376968
19356.88644,-0.096146,-0.865387,-0.212585
19356.91359,0.113159,-2.42984,1.288086
19356.94078,-0.211014,-0.834076,1.277817
19356.96793,-0.323959,-1.472107,0.11351
19356.99508,-0.383575,-0.817413,-0.498154
19357.02223,-0.104324,-1.017563,-0.452271
19357.04938,0.019318,-1.025879,-0.233597
19357.07657,-0.108246,-0.98085,-0.104996
19357.103720000006,-0.14621,-1.006485,-0.040314
19357.13086,-0.050323,-1.020309,0.029739
19357.15802,-0.031891,-1.029968,0.030136
19357.18517,-0.049057,-1.052261,0.049408
19357.21235,-0.062958,-1.036087,0.134872
19357.2395,-0.019165,-0.971878,0.148743
19357.26665,-0.056946,-1.071548,0.028183
19357.293799999992,-0.119431,-1.14653,-0.13884
19357.32095,-0.198746,-1.143921,-0.068329
19357.34814,-0.21344,-1.111938,0.243515
19357.37529,-0.331955,-1.318451,0.302765
19357.40244,-0.554352,-1.64978,-0.029709
19357.42959,-0.570679,-1.836166,-0.348602
19357.45675,-0.204895,-1.633301,-0.314407
19357.48392,1.130081,-2.209167,0.67923
19357.51108,1.034866,-1.265579,0.012604
19357.538229999995,0.970551,-1.536713,-0.652451
19357.56538,-0.016037,-0.18837,-0.51796
19357.59253,-0.380722,-0.201767,-0.288986
19357.61972,-0.452393,-0.494553,0.255112
19357.64687,-0.348846,-0.915649,0.493851
19357.67402,0.028244,-0.972809,0.786758
19357.70117,0.20166,-1.266281,0.402039
19357.72832,0.295883,-1.49585,0.353012
19357.75551,0.078186,-1.576706,0.417923
19357.78266,-0.109238,-1.768097,0.433105
19357.80981,0.015335,-1.848343,0.825912
19357.83697,0.494751,-1.118179,1.4646
19357.86412,1.087479,-0.76207,1.356934
19357.8913,1.523758,-0.326355,1.704788
19357.91846,1.440491,-0.415497,0.963135
19357.945610000002,0.564941,-1.687378,-0.323746
19357.97276,-0.951065,-1.00177,-2.507278
19357.99990999999,-0.405029,-1.530411,-0.086288
19358.02709,-1.053665,-1.858475,2.789246
19358.05425,-0.137939,-0.988007,0.531174
19358.081400000003,0.047989,-1.072708,-0.363693
19358.10854,-0.163666,-0.946426,-0.851334
19358.1357,0.015656,-1.009094,-0.553757
19358.16289,-0.01268,-1.005173,-0.084961
19358.19004,-0.145615,-1.004471,0.078278
19358.217190000003,-0.189972,-1.030258,-0.011261
19358.24435,-0.145523,-1.033218,-0.092468
19358.271500000003,-0.068726,-1.019165,0.072632
19358.298690000007,0.010437,-0.954071,0.123779
19358.325839999987,0.101776,-0.931839,-0.004852
19358.35299,0.080734,-0.977661,-0.087769
19358.38014,-0.033966,-1.075699,-0.00209
19358.40729,-0.210464,-1.118668,0.113968
19358.43448,-0.289413,-1.121521,0.213943
19358.461630000005,-0.479324,-1.32222,0.320786
19358.48878,-0.733398,-1.538437,-0.091248
19358.51592,-0.529251,-1.737518,-0.282318
19358.54307,-0.256805,-1.662735,-0.342072
19358.57026,1.012299,-2.409073,0.600754
19358.59741,0.824081,-0.722214,0.292084
19358.62456,0.668045,-1.627533,-1.0746
19358.651710000002,-0.004288,-0.360657,-0.75589
19358.67885,-0.492477,-0.103104,-0.539886
19358.70603,-0.251541,-0.634354,-0.018921
19358.73318,-0.103348,-1.186905,0.388382
19358.76033,-0.04039,-1.033279,0.560638
19358.787479999995,0.11084,-1.404358,0.427597
19358.81463,0.183182,-1.603241,0.212082
19358.841810000005,0.209427,-1.7453,0.094437
19358.86896,0.050766,-2.077103,0.229813
19358.89611,-0.04834,-1.636276,0.687775
19358.92325,0.687134,-0.919907,1.761215
19358.9504,1.334076,-0.562271,1.663223
19358.97758,1.517715,-0.281067,1.189819
19359.00473,1.504456,-1.18869,0.364548
19359.03188,0.642258,-0.999481,-0.219528
19359.05903,-0.492996,-0.688446,-0.164963
19359.086180000002,-1.277313,-4.538956,1.04364
19359.11336,-0.543106,-0.579117,2.107025
19359.14051000001,-0.171661,-1.311752,-0.122665
19359.16765,-0.109238,-0.907715,-0.863724
19359.194800000005,0.279648,-1.026932,-0.428436
19359.221939999996,0.024261,-1.035553,0.123184
19359.24913,-0.358215,-1.097641,0.240631
19359.27627,-0.380707,-1.026917,-0.040787
19359.303410000004,-0.066589,-0.988434,-0.19133
19359.330559999995,0.014816,-0.995743,-0.036407
19359.35771,-0.097992,-1.002945,0.154694
19359.38489,-0.096207,-1.002686,0.12561
19359.412030000003,-0.00386,-0.981415,0.051712
19359.43918,-0.01886,-0.899307,0.083466
19359.46633,0.035614,-0.988312,0.115128
19359.49347,0.013016,-1.015915,0.093109
19359.52066,-0.143936,-1.052826,0.207062
19359.547799999997,-0.276291,-1.219131,0.188507
19359.57495,-0.517899,-1.365158,-0.031891
19359.60209,-0.45932,-1.43309,-0.171219
19359.62924,-0.297394,-1.534607,-0.165375
19359.65642,0.239182,-1.678543,0.485535
19359.68357,1.401367,-2.525436,0.620956
19359.71071,1.195358,-1.353439,-0.007568
19359.73786,0.941177,-1.451263,-0.632126
19359.765,-0.078934,-0.235992,-0.398834
19359.79219,-0.504929,-0.10144,-0.144913
19359.81933,-0.479706,-0.282654,0.264145
19359.846479999997,-0.291626,-0.599472,0.359879
19359.87362,0.081741,-1.233902,0.264038
19359.900770000004,0.248917,-1.092422,0.344009
19359.927950000005,0.28154,-1.379395,0.404175
19359.95508,0.274155,-1.757278,0.367569
19359.98225,0.084152,-2.053543,0.481552
19360.00939,0.218582,-2.176544,0.618713
19360.03654,0.221039,-1.408264,1.295975
19360.06373,1.123657,-0.617722,2.103363
19360.09087,1.595444,0.155121,1.816559
19360.11801,1.66954,-0.663452,0.712723
19360.14516,0.39325,-1.674896,-0.977524
19360.1723,-0.375244,-0.813599,-0.430832
19360.19948,-0.330551,-2.327026,0.91153
19360.226630000005,0.075684,-0.744583,2.576782
19360.25378,-0.297424,-1.076706,-0.102219
19360.28092,-0.4496,-0.93132,-0.73996
19360.30807,-0.174896,-0.993057,-0.585617
19360.335250000004,-0.05278,-1.04129,-0.07048
19360.3624,-0.12854,-1.064087,0.154816
19360.38955,-0.217468,-1.020447,-0.05246
19360.41669,-0.096207,-1.011612,-0.138397
19360.44384,-0.018936,-1.022888,-0.0466
19360.47102,-0.006943,-1.025894,0.12323
19360.49817,0.044144,-1.007263,0.200729
19360.52531,0.058792,-0.947998,0.038651
19360.55246,0.053818,-0.909454,-0.014496
19360.57961,0.021774,-1.067123,0.029099
19360.60679,-0.09874,-1.108261,0.113663
19360.63394,-0.225494,-1.057922,0.171738
19360.661079999998,-0.276138,-1.133942,0.208832
19360.68823,-0.40889,-1.446777,-0.071304
19360.715370000005,-0.538788,-1.456757,-0.157578
19360.74256,-0.334747,-1.762085,-0.36499
19360.7697,0.210922,-1.571075,0.454834
19360.79685,1.454361,-2.679321,0.664886
19360.824,0.68222,-1.444519,-0.536652
19360.85114,0.804825,-1.326492,-0.460526
19360.878319999996,0.096878,-0.453293,-0.37616
19360.90547,-0.43132,-0.196442,-0.247086
19360.93262,-0.332611,-0.29892,0.184174
19360.959760000005,-0.092743,-0.628052,0.308014
19360.986909999996,0.12413,-1.078217,0.27037
19361.01409,0.173798,-1.209488,0.508438
19361.04124,0.142075,-1.48317,0.316025
19361.06838,0.240295,-1.829498,0.305466
19361.09553,0.030731,-2.179886,0.36763
19361.12267,0.140747,-1.974854,1.10817
19361.14986,0.690552,-0.959442,1.881042
19361.176999999996,1.753571,-0.427505,2.556107
19361.20414,1.643524,0.330841,1.157104
19361.23129,0.992111,-1.49556,-0.306992
19361.25843,-0.187225,-1.137207,-0.942291
19361.28562,0.138077,-1.45105,0.987
19361.31277,0.934082,-1.888687,3.978119
19361.33991,-0.574661,-0.965088,0.064865
19361.36705,-0.620651,-0.973816,-0.579849
19361.39419,-0.525131,-0.977249,-0.468765
19361.421370000004,-0.053177,-1.040009,-0.047989
19361.44851999999,-0.084015,-1.15477,0.147385
19361.47551,-0.181091,-1.01593,-0.026062
19361.50265,-0.169479,-0.931595,-0.086685
19361.5298,0.030838,-0.989624,-0.0681
19361.55698,0.088852,-1.000397,-0.054184
19361.58412,0.019775,-0.997894,0.033707
19361.61127,-0.044022,-0.992035,0.125381
19361.638409999996,-0.03923,-0.880585,0.11322
19361.66556,0.056732,-0.951004,0.091995
19361.69274,0.108719,-1.009064,0.079498
19361.719890000008,0.061905,-1.013321,0.115372
19361.74703,-0.116333,-1.094788,0.291458
19361.77418,-0.221069,-1.238663,0.092941
19361.80132,-0.383392,-1.335098,0.058212
19361.828500000003,-0.480682,-1.668854,-0.166229
19361.85564,-0.240112,-1.542389,0.010574
19361.882780000004,0.531555,-1.890839,0.780533
19361.90992,1.235626,-2.141815,0.116318
19361.93707,0.781357,-0.985031,-0.208496
19361.96425,0.680344,-1.265854,-0.502396
19361.99139,0.060532,-0.274857,-0.352478
19362.01854,-0.31015,-0.020813,-0.180145
19362.04568,-0.315216,-0.429764,0.155319
19362.072829999994,-0.106201,-0.920044,0.314957
19362.10001,0.087692,-0.890579,0.51384
19362.12716,0.121506,-1.34967,0.564362
19362.1543,0.269928,-1.477615,0.227005
19362.18145,0.152985,-1.700363,0.496475
19362.208599999998,0.014191,-1.849579,0.387756
19362.23578,0.15802,-1.574387,0.762405
19362.26293,0.313049,-1.175491,1.272903
19362.29007,0.714783,-0.738083,1.443604
19362.31722,1.090897,-0.41423,1.2547
19362.34437,1.267502,-0.36412,1.183426
19362.37155,0.750702,-1.258896,0.309387
19362.398700000005,0.052185,-2.121445,-1.130539
19362.42585,-0.504959,-1.43042,-0.580002
19362.45298,-0.678604,-2.052246,0.878387
19362.48015,-0.281448,-1.132187,1.609268
19362.507330000004,0.03038,-0.937851,-0.05571
19362.534480000002,-0.08812,-0.954315,-0.762848
19362.56162,0.062576,-1.098999,-0.440125
19362.588769999995,-0.038528,-1.020416,0.156448
19362.61592,-0.209686,-1.021973,0.387695
19362.6431,-0.269562,-1.019897,-0.158646
19362.67024,-0.146759,-1.026688,-0.191956
19362.69739,-0.082352,-1.050537,0.065323
19362.72453,-0.084793,-1.042374,0.116379
19362.751679999998,-0.013885,-1.003601,-0.006714
19362.77886,0.013855,-0.92334,-0.118057
19362.806,0.045349,-1.002899,-0.067245
19362.833149999995,-0.001068,-1.07933,0.071579
19362.86029,-0.168472,-1.066193,0.122742
19362.88744,-0.290375,-1.08519,0.200378
19362.91463,-0.321655,-1.143173,0.306198
19362.94177,-0.454865,-1.49176,-0.060776
19362.96891,-0.422516,-1.416412,-0.225479
19362.99606,-0.142868,-1.460175,-0.239594
19363.02321,0.565018,-1.843079,0.500565
19363.0504,1.541214,-2.334824,0.319824
19363.077539999995,1.178986,-1.370361,-0.384811
19363.10469,0.591644,-1.101044,-0.703232
19363.131830000006,-0.214401,-0.153427,-0.374283
19363.158979999997,-0.5289,-0.136993,-0.059555
19363.18616,-0.434647,-0.392715,0.380386
19363.21331,-0.08989,-1.34343,0.423477
19363.24046,0.113632,-1.068176,0.590134
19363.26761,0.149353,-1.243851,0.414307
19363.294759999997,0.274902,-1.641983,0.388718
19363.32194,0.188828,-1.818634,0.589905
19363.34909,0.108246,-2.035568,0.493256
19363.37624,0.222397,-1.816452,0.898392
19363.40339,0.509903,-1.013748,1.360596
19363.43053,1.426331,-0.514359,1.95813
19363.45772,1.5681,0.061142,1.206009
19363.48487,1.769409,-1.316147,0.294662
19363.51201000001,-0.030853,-1.762375,-1.1651
19363.539159999997,-0.476944,-0.812088,-0.415848
19363.56631,-0.382538,-2.716949,0.278549
19363.59349,-0.456909,-1.264633,2.228104
19363.62064,-0.01355,-1.078903,0.345657
19363.64778,-0.022812,-0.941833,-0.413574
19363.67493,-0.160095,-0.951889,-0.729431
19363.70207,-0.181595,-0.87291,-0.694443
19363.72926,-0.037003,-1.046616,-0.250717
19363.7564,-0.149994,-1.018021,0.137527
19363.78355,-0.305496,-1.070587,0.201569
19363.8107,-0.258575,-1.072403,-0.007767
19363.837840000004,-0.131073,-1.038757,0.035217
19363.865030000004,-0.01152,-1.010986,0.108261
19363.89218,0.047318,-0.98526,-0.096039
19363.91932,0.032822,-0.903717,-0.089569
19363.94647,-0.026001,-1.045227,0.121338
19363.97362,-0.080719,-1.065582,0.216507
19364.0008,-0.089569,-0.958313,0.13974
19364.02795,-0.204742,-1.067719,0.164551
19364.0551,-0.249603,-1.207611,-0.086594
19364.08225,-0.414352,-1.584351,-0.14241
19364.10939,-0.487961,-1.481567,-0.077911
19364.13658,-0.114136,-1.703018,0.169373
19364.16373,0.838547,-2.535736,0.71489
19364.19087,1.012695,-1.34552,-0.023911
19364.21802,0.811295,-1.364029,-0.645996
19364.245159999995,0.217148,-0.733627,-0.449005
19364.27234,-0.429337,-0.231125,-0.23378
19364.29949,-0.498444,-0.193146,0.077194
19364.326629999996,-0.050476,-1.021194,0.229843
19364.35378,0.218018,-0.695435,0.197403
19364.38092,0.330948,-1.058456,0.273926
19364.408099999993,0.248734,-1.355804,0.479004
19364.43524,0.345551,-1.635117,0.229355
19364.46239,0.315613,-1.883682,0.19397
19364.48953,0.29599,-2.34993,0.228409
19364.51668,0.358871,-1.572586,1.542465
19364.54386,1.012207,-0.465836,1.930771
19364.571,1.843811,0.124741,2.091354
19364.59815,1.855316,-0.74498,0.648224
19364.6253,0.452621,-1.638748,-1.08403
19364.652440000005,-0.305313,-0.966339,-0.603867
19364.67963,-0.293396,-1.279984,0.848557
19364.70678,0.556519,-1.353683,2.862839
19364.73392,-0.437561,-1.063141,-0.058701
19364.76107,-0.390564,-0.993103,-0.545715
19364.78822,-0.184219,-0.988632,-0.564224
19364.8154,-0.033051,-1.050507,-0.021591
19364.84255,-0.090836,-1.196167,0.313461
19364.8697,-0.222443,-1.082611,0.195602
19364.89684,-0.146667,-0.932663,-0.123444
19364.924,0.089432,-0.971741,-0.219116
19364.951169999997,0.131058,-0.985931,-0.025711
19364.97832,0.053482,-1.016373,0.088333
19365.00547,0.018692,-0.884933,0.050095
19365.03262,0.052231,-0.864365,-0.013489
19365.05976,0.056015,-1.081772,-0.025589
19365.086949999997,-0.08725,-1.034836,0.044968
19365.114090000003,-0.245056,-1.070251,0.220093
19365.14124,-0.361008,-1.238419,0.240524
19365.16838,-0.466965,-1.64621,-0.045883
19365.19552,-0.564438,-1.613922,-0.325943
19365.222700000002,-0.188248,-1.510376,-0.112274
19365.24984,0.563934,-2.022751,0.611221
19365.27699,1.361969,-3.185516,0.348831
19365.304140000004,0.692535,-0.629837,-0.281036
19365.331290000006,0.611786,-1.036072,-0.573792
19365.358469999996,-0.161087,-0.109879,-0.629654
19365.38562,-0.385803,-0.049088,-0.311371
19365.41276,-0.194778,-0.555038,0.149078
19365.43991,0.046631,-1.096893,0.509293
19365.467049999996,0.139832,-0.944366,0.422348
19365.49424,0.160034,-1.385086,0.339401
19365.52138,0.257965,-1.767776,0.377197
19365.548529999996,0.377808,-2.058411,0.557358
19365.57567,0.164856,-1.962753,0.61203
19365.60282,0.536087,-1.338028,1.128586
19365.63000000001,1.148926,-0.7043,1.720398
19365.65715,1.487228,0.079712,1.590683
19365.68429,1.468719,-1.19455,0.495651
19365.711440000003,0.365952,-0.939713,-0.334839
19365.73858,-0.399979,-1.091309,-0.932739
19365.76576,-0.492538,-1.920609,-0.112686
19365.792900000008,0.151321,-0.857788,2.605377
19365.82005,-0.404648,-1.472595,0.540268
19365.84719,-0.177475,-0.94281,-0.325638
19365.87433,-0.115646,-1.006973,-0.538498
19365.901509999996,-0.004471,-1.067719,-0.12999
19365.92865,-0.21814,-1.023193,-0.048553
19365.955800000007,-0.351746,-0.987473,-0.306473
19365.982939999998,-0.217606,-0.964478,-0.301666
19366.01009,-0.066498,-1.007965,0.019333
19366.03727,-0.109741,-0.972733,0.17778
19366.06441,0.173447,-1.007584,0.257721
19366.09156,0.071213,-0.965622,-0.023712
19366.1187,0.053986,-0.925354,0.067398
19366.14584,0.04361,-0.914291,0.236359
19366.17302,0.086166,-0.971695,0.212387
19366.20017,0.117416,-0.999924,0.113235
19366.22731,-0.005203,-1.009293,0.16925
19366.254459999996,-0.106659,-1.069916,0.195648
19366.281600000002,-0.228302,-1.203812,-0.034348
19366.308790000003,-0.45372,-1.435333,-0.0186
19366.33594,-0.431641,-1.452866,0.001434
19366.36308,-0.175186,-1.418823,0.180969
19366.39023,0.385834,-1.590805,0.864807
19366.41738,1.115677,-2.329254,0.235016
19366.44455999999,1.031891,-0.538498,0.224747
19366.47157,0.888657,-1.573944,-0.511719
19366.49872,0.116974,-0.304413,-0.347397
19366.52586,-0.294693,0.01918,-0.31192
19366.55301,-0.31488,-0.413193,0.075027
19366.580189999997,-0.160095,-1.097778,0.553741
19366.607330000003,-0.191193,-0.977142,0.620773
19366.63448,0.00856,-1.238388,0.397629
19366.66162,0.244202,-1.450897,0.290131
19366.68877,0.308411,-1.624176,0.265106
19366.71596,0.376892,-1.813507,0.407303
19366.74311,0.401215,-1.82132,0.282913
19366.770259999998,0.273087,-1.556503,0.677322
19366.79741,0.36467,-1.158203,1.055954
19366.82456,0.810379,-0.565781,1.497269
19366.85174,1.168121,-0.132233,1.335907
19366.87889,1.34938,-1.409088,0.564926
19366.906029999995,0.589142,-0.901001,0.059891
19366.93318,-0.143082,-1.25679,-0.943878
19366.96032,-0.911789,-0.311722,-0.820847
19366.9875,-0.716492,-2.899124,0.330078
19367.01465,-0.887787,-2.318085,0.799774
19367.0418,-0.577698,-1.555008,1.035065
19367.068940000005,-0.108566,-0.892685,0.010223
19367.09609,-0.016144,-0.927979,-0.531616
19367.12327,0.11264,-0.953705,-0.538498
19367.15042,-0.21312,-0.89888,-0.423355
19367.177559999996,-0.313339,-0.977463,-0.199249
19367.204709999987,-0.309158,-0.99408,0.019165
19367.23185,-0.24765,-0.978912,0.081406
19367.25903,-0.154495,-0.970093,-0.056992
19367.28618,-0.1418,-0.977142,-0.168716
19367.31332,-0.160706,-0.993103,-0.090485
19367.340470000003,-0.162628,-1.006668,-0.05249
19367.367620000008,-0.205917,-0.988358,-0.075806
19367.394810000005,-0.180878,-0.99852,-0.113037
19367.42194,-0.159882,-0.988129,-0.11377
19367.4491,-0.156479,-1.012177,-0.08902
19367.47625,-0.141174,-0.999893,-0.042465
19367.5034,-0.116913,-0.99736,-0.042572
19367.53058,-0.037903,-0.991348,-0.062119
19367.55772,-0.01886,-1.006317,-0.053375
19367.58487,-0.066147,-1.023026,0.050995
19367.61202,-0.001251,-1.045395,0.041275
19367.63916,-0.068268,-1.032333,-0.126785
19367.66635,-0.095444,-1.141251,-0.093719
19367.693490000005,-0.218964,-1.142273,0.139145
19367.72064,-0.192017,-1.029724,0.224548
19367.74778,0.003494,-0.929062,0.20961
19367.77493,0.17688,-0.89444,0.188766
19367.802110000004,0.285751,-0.916382,0.279297
19367.829249999995,0.276825,-0.91507,0.298462
19367.8564,0.16423,-0.92868,0.266418
19367.88355,0.074875,-0.947556,0.306305
19367.910689999997,0.091354,-0.964844,0.296906
19367.937879999998,0.124771,-0.957108,0.308258
19367.965029999996,0.130722,-0.952316,0.329254
19367.99217,0.137634,-0.954803,0.316345
19368.019320000003,0.162018,-0.946457,0.303955
19368.046470000005,0.181,-0.987976,0.304916
19368.07365,0.172745,-1.023376,0.257156
19368.1008,0.285233,-1.0383,0.449814
19368.12795,0.277863,-1.005157,0.592606
19368.1551,0.232193,-0.643723,0.444458
19368.18225,0.196976,-0.75267,0.314468
19368.20944,-0.210373,-0.999146,0.007874
19368.23658,-0.236633,-0.887848,0.1147
19368.26373,-0.069473,-0.873291,0.384018
19368.29088,0.148895,-1.065887,0.467819
19368.318030000002,0.36998,-0.998459,0.702072
19368.345220000003,0.414124,-0.93811,0.581635
19368.372370000005,0.271805,-0.872223,0.498306
19368.39951,0.149261,-0.90155,0.376373
19368.42666,0.046783,-0.895645,0.381485
19368.453810000003,0.035095,-0.904846,0.315109
19368.480990000004,0.148636,-0.917221,0.326508
19368.50814,0.22612,-0.959274,0.337845
19368.535289999996,0.175812,-0.928421,0.33963
19368.56244,0.102539,-0.877899,0.285141
19368.58959,0.076843,-0.866852,0.216476
19368.61677,0.073837,-0.967789,0.230545
19368.64392,0.030487,-0.894791,0.150436
19368.67107,-0.062653,-0.869385,0.007126
19368.69822,-0.05571,-0.899368,0.066238
19368.72537,-0.080307,-0.849731,0.047699
19368.75256,0.530914,-0.805756,0.117874
19368.77971,0.472717,-0.946381,-0.464615
19368.80685,-0.211563,-1.030807,-0.094818
19368.834,-0.468857,-1.175629,0.745651
19368.86115,-0.126694,-1.030136,0.486649
19368.88834,0.154602,-0.962921,-0.009735
19368.91549,0.149643,-1.020889,-0.150711
19368.94263,4.43E-4,-1.073059,-0.03949
19368.96978,-0.125305,-0.99411,0.046051
19368.99693,-0.139938,-1.014374,-0.028702
19369.02412,-0.127777,-0.960205,-0.129868
19369.05127,-0.034134,-1.01918,-0.035477
19369.07842,-0.027573,-1.014618,0.134308
19369.10556,-0.034256,-1.022827,0.076492
19369.13272,-0.033875,-0.974579,-0.053146
19369.1599,-0.052734,-0.986557,-0.096817
19369.18705,-0.05011,-0.946808,-0.100296
19369.2142,-0.05748,-1.049652,-0.089111
19369.24135,-0.09639,-1.007843,-0.032227
19369.2685,-0.085312,-1.020523,0.031448
19369.29569,-0.096191,-0.997314,-0.048965
19369.322850000004,-0.078598,-1.003845,-0.130493
19369.35,-0.083191,-0.980225,-0.105972
19369.37715,-0.087128,-0.993637,-0.035782
19369.4043,-0.078308,-1.032074,-0.081314
19369.43149,-0.061432,-1.016739,-0.032318
19369.45864,-0.064102,-1.036591,0.010452
19369.48579,-0.116364,-1.027817,-0.05954
19369.51295,-0.114029,-1.003372,-0.124039
19369.54009,-0.073257,-1.007156,-0.13028
19369.56728,-0.055862,-1.021622,-0.134827
19369.594430000005,-0.036301,-1.045807,-0.142075
19369.62158,-0.016968,-0.966736,-0.213318
19369.64873,-0.00705,-0.939468,-0.238113
19369.67588,-0.091171,-0.965118,-0.235748
19369.70306,-0.079544,-0.983002,-0.172058
19369.73021,-0.025238,-1.044861,-0.069733
19369.75736,0.026474,-1.071198,-0.079605
19369.78451,0.03569,-1.011246,-0.152924
19369.81166,0.021118,-0.954819,-0.22934
19369.83884,-0.016144,-0.953125,-0.271896
19369.86599,-0.092896,-0.967087,-0.242538
19369.89314,-0.088348,-0.990677,-0.202774
19369.92029,-0.082474,-0.926773,-0.175232
19369.94744,-0.158539,-0.917892,-0.211182
19369.97462,-0.212112,-1.0159,-0.201981
19370.00177,-0.130814,-0.945435,-0.139709
19370.028920000004,0.03746,-1.013748,-0.118622
19370.056069999995,0.027191,-1.016174,-0.128952
19370.08322,-0.046738,-1.032089,-0.115005
19370.11041,-0.085327,-1.014099,-0.090286
19370.13756,0.001007,-1.009888,-0.1483
19370.16471,0.177277,-1.06221,-0.0495
19370.19186,0.115372,-0.971039,-0.157547
19370.21901,-0.220306,-1.039566,-0.157501
19370.2462,-0.150696,-1.017471,-0.223175
19370.27335,0.022156,-0.85318,-0.363403
19370.3005,0.10907,-1.059433,-0.026794
19370.327649999996,-0.215225,-1.135284,0.395935
19370.35479,-0.041489,-0.845947,-0.543594
19370.38198,-0.067383,-0.889023,-0.340042
19370.40913,0.205475,-1.04422,-0.265839
19370.43629,0.079193,-0.948898,-0.333191
19370.463440000003,0.050537,-0.982513,-0.265213
19370.490589999994,-0.060654,-0.924911,-0.283752
19370.51777,-0.033691,-0.945038,-0.341248
19370.54492,0.048492,-1.014893,-0.332092
19370.57208,0.029709,-0.97525,-0.345444
19370.59922,0.022186,-0.941498,-0.225571
19370.626370000005,0.026169,-0.863602,-0.299606
19370.65356,0.01889,-0.913239,-0.349106
19370.68071,-0.006531,-0.937714,-0.337097
19370.707859999995,-0.026505,-0.920166,-0.319016
19370.73501,-0.019669,-0.918289,-0.286331
19370.76216,0.032181,-0.983505,-0.361328
19370.78935,0.06839,-0.94342,-0.328735
19370.81649,0.090637,-0.959396,-0.341537
19370.84365,0.127487,-0.923553,-0.305527
19370.8708,0.057938,-0.952621,-0.290329
19370.89794,0.065582,-0.954651,-0.3358
19370.92513,0.130035,-0.965759,-0.370468
19370.95228,0.087845,-0.946533,-0.327362
19370.97943,0.040573,-0.956009,-0.322388
19371.00658,0.052628,-0.964645,-0.339432
19371.033729999996,0.046768,-0.942612,-0.33345
19371.060909999997,0.090195,-0.952545,-0.34491
19371.08806,0.099396,-0.947525,-0.340729
19371.1152,0.069962,-0.933014,-0.322479
19371.14235,0.081818,-0.952576,-0.327942
19371.16949,0.124802,-0.96814,-0.314163
19371.196670000005,0.195038,-0.970978,-0.307419
19371.22382,0.194,-0.981064,-0.331757
19371.25097,0.140366,-0.934799,-0.329117
19371.27812,0.168274,-0.927353,-0.322556
19371.305260000005,0.155487,-0.937836,-0.309875
19371.332439999995,0.162338,-0.944916,-0.303848
19371.35959,0.144958,-0.945724,-0.298843
19371.386740000005,0.130249,-0.961761,-0.28009
19371.413890000003,0.154327,-0.950623,-0.306305
19371.44104,0.160889,-0.964981,-0.281677
19371.46807,0.182343,-0.965607,-0.273117
19371.49521,0.190842,-0.945572,-0.285629
19371.522359999995,0.164124,-0.947235,-0.282104
19371.54951,0.153885,-0.970764,-0.288162
19371.57666,0.157578,-0.954391,-0.281189
19371.60384,0.156021,-0.949417,-0.283295
19371.63099,0.15416,-0.951721,-0.275024
19371.658129999996,0.153366,-0.960144,-0.275177
19371.68528,0.155548,-0.974472,-0.251724
19371.71243,0.167038,-0.954666,-0.267929
19371.73962,0.174149,-0.965851,-0.340912
86392.25668,0.296921,-0.199295,-0.929794
86392.28192,0.287292,-0.189377,-0.931931
86392.30715999995,0.279922,-0.188217,-0.921906
86392.33242,0.281342,-0.202728,-0.915588
86392.35766,0.278793,-0.185699,-0.947296
86392.38293,0.266403,-0.194885,-0.949783
86392.40816,0.259552,-0.19696,-0.948151
86392.4334,0.258011,-0.194473,-0.951904
86392.45866,0.272278,-0.186981,-0.96228
86392.48390000002,0.266724,-0.188629,-0.940277
86392.50916,0.273407,-0.181427,-0.92923
86392.5344,0.277206,-0.181961,-0.948044
86392.55963,0.274704,-0.182297,-0.92482
86392.58489000001,0.28125,-0.177979,-0.902237
86392.61013000002,0.294205,-0.178024,-0.87825
86392.6354,0.287338,-0.167664,-0.832718
86392.66063,0.305176,-0.147949,-0.750961
86392.68587,0.324524,-0.092148,-0.678513
86392.71114,0.351166,-0.046814,-0.609344
86392.73638,0.372604,0.009338,-0.536545
86392.76163999997,0.41243,0.07428,-0.472198
86392.78688,0.446442,0.14798,-0.468643
86392.81212,0.504089,0.230927,-0.53978
86392.83739,0.490356,0.282669,-0.519089
86392.86264,0.460388,0.427246,-0.598236
86392.88789,0.442932,0.492081,-0.614471
86392.91313,0.397888,0.533005,-0.552002
86392.93836999999,0.419785,0.606522,-0.46376
86392.96363,0.500168,0.789017,-0.53772
86392.98887000002,0.722153,0.949127,-0.760178
86393.01413999997,0.836411,1.021408,-0.829559
86393.03938,0.764816,0.995605,-0.642715
86393.06461,0.577835,0.93689,-0.514023
86393.08987999998,0.515121,0.921768,-0.42308
86393.11511,0.58165,0.973373,-0.44632
86393.13974,0.507034,1.020248,-0.44838
86393.16498,0.740051,1.082764,-0.295593
86393.19021,0.810577,1.097031,-0.267197
86393.21548,0.623962,1.02478,-0.309723
86393.24071000004,0.566971,1.057266,-0.3237
86393.26598,0.545288,1.070206,-0.235107
86393.29120999997,0.511536,1.025192,-0.146545
86393.31645,0.505005,0.970993,-0.138443
86393.34171000002,0.550507,0.95015,-0.122223
86393.36694999998,0.552124,0.951645,-0.114883
86393.39221000002,0.502441,0.935577,-0.077438
86393.41745,0.481918,0.917175,-0.03418
86393.44269,0.501373,0.881409,0.029465
86393.46796,0.488525,0.86673,0.031631
86393.49320000007,0.4702,0.86351,0.051331
86393.51846,0.439255,0.8703,0.109909
86393.54369999998,0.414444,0.868408,0.142471
86393.56894,0.39357,0.844315,0.157089
86393.59421,0.364594,0.848511,0.151993
86393.61945,0.34111,0.884674,0.134537
86393.64472,0.328308,0.878052,0.14415
86393.66996000003,0.340286,0.875275,0.144669
86393.69520000005,0.373978,0.924026,0.120804
86393.72046000003,0.382248,0.983917,0.087784
86393.7457,0.370804,1.016312,0.072632
86393.77097,0.33876,1.033676,0.049622
86393.79620999996,0.326233,0.994308,0.014923
86393.82145,0.306808,0.941437,-0.0056
86393.84672,0.279297,0.896866,-0.012466
86393.87196000008,0.26268,0.874084,-0.007477
86393.89723,0.246918,0.854675,-0.013901
86393.92246999999,0.230881,0.877426,-0.044373
86393.94771000004,0.227509,0.984375,-0.058487
86393.97298000002,0.254471,1.096481,-0.070755
86393.99823,0.285812,1.123886,-0.091354
86394.02350000001,0.280869,1.078445,-0.068604
86394.04874,0.247849,1.03244,-0.038773
86394.07399,0.234955,0.987823,-0.009567
86394.09925,0.259781,0.918427,0.024094
86394.1245,0.262222,0.860626,0.03125
86394.14977000005,0.240829,0.848068,0.032227
86394.17500999999,0.233612,0.852371,0.031509
86394.20026000001,0.2453,0.867661,0.03299
86394.22552000004,0.21701,0.836227,0.039871
86394.25077,0.266937,0.903,0.029739
86394.27604,0.348984,0.964005,0.019501
86394.30128000001,0.35791,0.95108,0.007751
86394.32652,0.293671,0.956223,0.029709
86394.35179,0.32782,0.963409,0.034103
86394.37703,0.358994,0.990295,0.041153
86394.4023,0.382874,1.007034,0.026398
86394.42753999999,0.382278,1.010086,0.023956
86394.45278,0.363739,1.018417,0.029037
86394.47804,0.350449,1.030121,0.039307
86394.50329,0.342957,1.033218,0.055954
86394.52856,0.335129,1.038116,0.044434
86394.5538,0.332809,1.063873,0.029373
86394.57904999991,0.330444,1.07666,0.031738
86394.60431,0.283539,1.050232,0.037811
86394.62956,0.2715,1.115341,0.04213
86394.65483000004,0.2939,1.101532,0.037903
86394.68006999999,0.260834,0.950699,0.091736
86394.70531,0.215103,0.738083,0.13681
86394.73058,0.13147,0.632736,0.145493
86394.75583,0.097046,0.777206,0.12767
86394.78109,0.177399,1.054337,0.132065
86394.80633999998,0.262848,1.094177,0.084625
86394.83158,0.264648,1.038086,0.09938
86394.85685,0.191971,0.976974,0.180496
86394.88209,0.157532,0.922134,0.23764
86394.90736000001,0.171844,0.873077,0.239578
86394.93261,0.171631,0.823257,0.206772
86394.95785,0.206726,0.814377,0.161987
86394.98312,0.267349,0.828217,0.126816
86395.00837,0.31015,0.828079,0.134583
86395.03363,0.324799,0.827942,0.134399
86395.05888,0.315903,0.816742,0.123871
86395.08412000001,0.316299,0.82457,0.103989
86395.10939,0.355728,0.843338,0.103775
86395.13463,0.398224,0.860443,0.093216
86395.1599,0.424911,0.93335,0.083893
86395.18514000005,0.443069,0.990768,0.076645
86395.21039,0.43924,1.02478,0.062592
86395.23565,0.443192,1.16507,0.093887
86395.2609,0.545441,1.235001,0.087875
86395.28617,0.506989,1.206985,0.08519
86395.31141,0.430984,1.17186,0.126678
86395.33663999995,0.393753,1.001297,0.11879
86395.36191000002,0.318466,0.814468,0.064102
86395.38716,0.217575,0.833603,0.047806
86395.41242,0.182007,0.954025,0.069351
86395.43766,0.187225,1.027893,0.064743
86395.46290000001,0.166534,1.03511,0.052124
86395.48817,0.10199,0.996155,0.044144
86395.51341,0.080139,0.938736,0.041351
86395.53867,0.106171,0.887085,0.058105
86395.56391,0.135269,0.839844,0.078705
86395.58914999999,0.156387,0.810486,0.067093
86395.61441,0.167419,0.783554,0.037491
86395.63965000003,0.129715,0.760849,0.013062
86395.66491,0.200089,0.801254,0.042221
86395.69015,0.168381,0.797791,0.083557
86395.71539000004,0.211502,0.800766,0.116562
86395.74066,0.260284,0.882355,0.157043
86395.76589999994,0.290619,1.049454,0.179245
86395.79117,0.30806,1.168335,0.143768
86395.81641,0.359467,1.139832,0.108261
86395.84166,0.350739,1.129379,0.101135
86395.86692,0.264709,1.191483,0.170609
86395.89216,0.236755,1.352509,0.198074
86395.91743,0.275635,1.360184,0.126297
86395.94267,0.290543,1.218079,0.132767
86395.96791,0.260071,1.005585,0.189178
86395.99317,0.172928,0.85968,0.239746
86396.01841,0.060699,0.831818,0.272232
86396.04368,0.053085,0.822769,0.23378
86396.06892,0.141312,0.841766,0.147949
86396.09416,0.206802,0.841736,0.089066
86396.11943,0.192245,0.823715,0.114151
86396.14467,0.133942,0.798767,0.154816
86396.16993,0.137268,0.794556,0.166763
86396.19517,0.156494,0.816116,0.156937
86396.22042000004,0.197327,0.860687,0.163986
86396.24568,0.255081,0.872589,0.192978
86396.27092,0.304642,0.842117,0.211349
86396.29619,0.334,0.820023,0.212021
86396.32143,0.35936,0.805313,0.206635
86396.34667,0.373016,0.790543,0.210693
86396.37194,0.362213,0.828217,0.224014
86396.39718000004,0.383896,0.914474,0.246536
86396.42245,0.445282,1.000229,0.24704
86396.44769,0.463104,1.03244,0.239578
86396.47293,0.422943,1.065735,0.24292
86396.4982,0.449234,1.196732,0.262497
86396.52344,0.503342,1.23938,0.238541
86396.54871,0.508118,1.316391,0.23558
86396.57395,0.471603,1.213852,0.21962
86396.59919,0.424072,1.095444,0.144958
86396.62446,0.324753,0.984406,0.108948
86396.6497,0.269287,0.939072,0.103989
86396.67496000003,0.245544,0.974991,0.095276
86396.70019999998,0.284454,1.046768,0.081757
86396.72545,0.321701,1.04306,0.06369
86396.75071,0.336746,0.969803,0.04155
86396.77595000007,0.295517,0.87706,0.051682
86396.80121,0.224747,0.808243,0.074753
86396.82645,0.225296,0.786011,0.068024
86396.85169,0.255356,0.792847,0.065857
86396.87695,0.274033,0.779343,0.057404
86396.90219999992,0.27272,0.737518,0.053345
86396.92746000006,0.241791,0.708588,0.053146
86396.9527,0.223907,0.705734,0.074158
86396.97794,0.216568,0.783264,0.111633
86397.0032,0.235901,0.834015,0.134033
86397.02843999991,0.289841,0.885345,0.147552
86397.05370000002,0.330673,0.895447,0.129303
86397.07895,0.341309,0.923065,0.123413
86397.10419,0.344498,1.043686,0.219452
86397.12945,0.350327,1.131577,0.245056
86397.1547,0.481171,1.205078,0.161514
86397.17996000001,0.56662,1.285919,0.095428
86397.2052,0.526688,1.19957,0.140076
86397.23044,0.433777,1.032471,0.252518
86397.25571,0.302292,0.894592,0.341461
86397.28095,0.239594,0.870163,0.268494
86397.30622,0.363831,0.966949,0.136032
86397.33146,0.474548,0.952698,0.067642
86397.35671,0.449585,0.871674,0.082016
86397.38197999996,0.37941,0.829788,0.120697
86397.40722,0.340103,0.79834,0.152069
86397.43247999996,0.360489,0.77655,0.156342
86397.45772,0.413559,0.759567,0.183151
86397.48297,0.434174,0.712296,0.205109
86397.50823,0.449768,0.725159,0.198593
86397.53348,0.467346,0.819962,0.194366
86397.55874,0.465927,0.858459,0.196518
86397.58399,0.474045,0.850479,0.199493
86397.60923,0.473358,0.875168,0.206543
86397.63449,0.482208,0.910538,0.203842
86397.65974,0.473755,0.922073,0.201141
86397.685,0.448303,0.901123,0.180771
86397.71025,0.434235,1.098801,0.206985
86397.73549,0.469681,1.272736,0.228745
86397.76075999998,0.50795,1.437027,0.26326
86397.786,0.500854,1.361603,0.224152
86397.81126,0.414215,1.197815,0.145157
86397.83651000005,0.325409,0.986511,0.120148
86397.86176,0.275024,0.860062,0.133652
86397.88703,0.279449,0.884064,0.132355
86397.91226999993,0.3013,0.986328,0.122452
86397.93754,0.310852,0.965439,0.13295
86397.96278000006,0.329742,0.873489,0.109467
86397.98802000002,0.330811,0.810089,0.093781
86398.01328999999,0.284943,0.816833,0.091339
86398.03853,0.279434,0.842743,0.0728
86398.0638,0.284988,0.852432,0.036392
86398.08904000004,0.284714,0.843124,0.010635
86398.11429,0.270386,0.821854,2.29E-4
86398.13941000003,0.26506,0.795105,-0.004272
86398.16465,0.244461,0.788452,0.009094
86398.18991999996,0.227737,0.804901,0.042953
86398.21516000002,0.236588,0.788635,0.096588
86398.2404,0.24498,0.78241,0.131851
86398.26567,0.260132,0.812057,0.145172
86398.29091,0.291031,0.850372,0.115021
86398.31618,0.35466,1.067123,0.07695
86398.34142,0.420303,1.283173,0.074387
86398.36666000001,0.512299,1.232788,0.037247
86398.39192000002,0.538925,1.192154,0.07692
86398.41717,0.462814,1.169052,0.20752
86398.44243,0.366669,1.106186,0.359512
86398.46766999995,0.363968,0.977676,0.383881
86398.49291999996,0.371262,1.007889,0.264343
86398.51818000004,0.393005,0.993073,0.176285
86398.54342,0.363235,0.882843,0.161346
86398.56868999993,0.340012,0.788315,0.133484
86398.59393000003,0.325775,0.745117,0.113937
86398.61917,0.302246,0.731781,0.095795
86398.64443,0.312759,0.750595,0.10376
86398.66967000003,0.376663,0.77742,0.150543
86398.69493,0.456055,0.803467,0.138901
86398.72018000002,0.462769,0.81369,0.123169
86398.74541999999,0.476974,0.784973,0.15361
86398.77069,0.438766,0.779373,0.149857
86398.79593,0.408829,0.846588,0.142792
86398.82119,0.407242,0.919678,0.18808
86398.84643999995,0.437057,0.9702,0.207886
86398.87168,0.481827,1.021469,0.200348
86398.89694000002,0.526993,1.065186,0.16626
86398.92217999995,0.496597,1.196838,0.240387
86398.94744999996,0.527512,1.265228,0.294861
86398.97269000001,0.566757,1.199005,0.293243
86398.99793,0.554092,1.157303,0.245132
86399.02319,0.468475,1.165619,0.197464
86399.04843,0.416016,1.071045,0.150085
86399.0737,0.373215,0.982697,0.126389
86399.09893,0.306564,1.020569,0.133286
86399.12418,0.299744,1.103058,0.180923
86399.14944,0.350159,1.089722,0.213654
86399.17467999997,0.402573,0.984528,0.160278
86399.19994000002,0.417511,0.876968,0.108368
86399.22518,0.355713,0.841156,0.096878
86399.25042,0.29509,0.826218,0.102524
86399.27568,0.269135,0.829971,0.085373
86399.30092000001,0.265503,0.827087,0.057648
86399.32618000005,0.257751,0.79216,0.013229
86399.35142,0.259186,0.74559,0.0168
86399.37666,0.256165,0.737076,0.02594
86399.40193,0.268661,0.771362,0.053589
86399.42716,0.291061,0.776489,0.100662
86399.45242000003,0.339493,0.771164,0.12001
86399.47766000003,0.370483,0.765625,0.10466
86399.5029,0.342224,0.738266,0.140472
86399.52816,0.329056,0.854904,0.238052
86399.55340000002,0.364212,1.007706,0.246185
86399.57866,0.447495,1.000977,0.152298
86399.6039,0.484802,1.127838,0.153854
86399.62914,0.491119,1.365784,0.326599
86399.65441,0.499084,1.356339,0.422592
86399.67965,0.477112,1.143463,0.350662
86399.70491,0.438293,0.953659,0.223038
86399.73015000002,0.329956,0.896301,0.177612
86399.75539,0.29715,0.911713,0.175293
86399.78066,0.326477,0.877609,0.135483
86399.8059,0.369019,0.866333,0.137283
86399.83117,0.419266,0.813614,0.190262
86399.85641,0.468826,0.812012,0.196564
86399.88164999997,0.519104,0.859283,0.19664
86399.90692,0.533661,0.818512,0.216141
86399.93216,0.504242,0.740021,0.256287
86399.95742999994,0.46489,0.753876,0.274445
86399.98266999995,0.45256,0.803116,0.275009
86400.00791,0.457703,0.858704,0.256866
86400.03317,0.471207,0.924194,0.263321
86400.05841,0.488647,0.951782,0.260132
86400.08368,0.532578,0.966843,0.263
86400.10892,0.540588,0.960022,0.244446
86400.13416,0.507889,1.136841,0.286484
86400.15942000004,0.515305,1.276321,0.328949
86400.18466,0.529633,1.281998,0.310318
86400.20993,0.534531,1.196625,0.270554
86400.23517,0.445084,1.056747,0.223557
86400.26041,0.370865,0.999161,0.216721
86400.28567,0.326477,1.014465,0.217819
86400.31091999996,0.332504,1.061935,0.217285
86400.33618,0.365173,1.139633,0.219559
86400.36142000004,0.392258,1.157761,0.197983
86400.38666,0.396103,1.076736,0.167496
86400.41193,0.367874,0.990814,0.170166
86400.43717,0.326935,0.94426,0.181992
86400.46243,0.290298,0.91394,0.154221
86400.48766999999,0.276749,0.856094,0.102737
86400.51291,0.273575,0.834549,0.068054
86400.53816999996,0.277695,0.818451,0.051636
86400.56341999995,0.280121,0.766006,0.042267
86400.58868,0.275253,0.720978,0.029175
86400.61392000006,0.263229,0.700745,0.049728
86400.63916,0.252441,0.717865,0.104935
86400.66443,0.278152,0.725708,0.155441
86400.68966000003,0.317932,0.758636,0.122025
86400.71492999997,0.335846,0.741302,0.095322
86400.74017,0.333328,0.759369,0.170441
86400.76540999999,0.322418,0.847855,0.302704
86400.79066999997,0.357025,0.906525,0.31636
86400.81591,0.430817,1.048874,0.257095
86400.84117,0.533463,1.332794,0.242554
86400.86641,0.645172,1.505829,0.350143
86400.89165,0.663437,1.274918,0.423172
86400.91691,0.511749,1.024384,0.362457
86400.94215,0.302902,0.915207,0.288635
86400.96742,0.250107,0.874512,0.267517
86400.99265,0.336197,0.7901,0.243195
86401.01789,0.406586,0.730408,0.228775
86401.04316000003,0.449478,0.742706,0.184128
86401.06838999997,0.500961,0.776138,0.165466
86401.09365,0.539886,0.768661,0.235626
86401.11889,0.551346,0.733414,0.267242
86401.14413,0.525558,0.719025,0.318802
86401.16939,0.476974,0.73912,0.33873
86401.19463000003,0.457825,0.791367,0.351791
86401.21989,0.478821,0.879257,0.361618
86401.24513,0.533859,0.970184,0.34407
86401.27035999992,0.56044,0.990845,0.308685
86401.29562,0.585663,0.997574,0.278214
86401.32086,0.516342,1.032715,0.252869
86401.34612,0.504669,1.165375,0.347183
86401.37136,0.514511,1.145981,0.328934
86401.39659999992,0.514099,1.171509,0.343689
86401.42186,0.465363,1.066193,0.276993
86401.44710000002,0.402008,1.04071,0.233124
86401.47236999999,0.343506,1.059586,0.232178
86401.4976,0.334396,1.058258,0.238754
86401.52284,0.357895,1.085815,0.222992
86401.54810999993,0.365814,1.141922,0.204391
86401.57334,0.368271,1.144302,0.223816
86401.59860999999,0.369812,1.067535,0.209686
86401.62384,0.364914,0.987167,0.158127
86401.64908000006,0.326553,0.936905,0.122986
86401.67434,0.296204,0.899246,0.126541
86401.69958,0.277313,0.870789,0.125473
86401.72484,0.268265,0.826508,0.092819
86401.75008,0.260452,0.761292,0.058044
86401.77532000002,0.258774,0.7164,0.050644
86401.80059000003,0.248489,0.689148,0.060425
86401.82583,0.249176,0.705261,0.099503
86401.85109000001,0.260712,0.739334,0.137817
86401.87633,0.295059,0.738861,0.192429
86401.90157,0.318695,0.758316,0.223206
86401.92683,0.321274,0.744461,0.23793
86401.95207,0.319778,0.789673,0.239609
86401.97733999992,0.334732,1.056503,0.237381
86402.00258,0.418686,1.181885,0.207306
86402.02782000002,0.529968,1.1259,0.189957
86402.05309,0.558716,1.183228,0.289139
86402.07833,0.448364,1.212708,0.488098
86402.10359,0.357224,1.128693,0.549835
86402.12883,0.357193,0.98584,0.409103
86402.15407,0.356415,0.940308,0.265945
86402.17934,0.352081,0.924805,0.209702
86402.20458,0.362808,0.886475,0.162552
86402.22984,0.392105,0.884201,0.135956
86402.25509,0.40625,0.896484,0.159485
86402.28033,0.428589,0.864594,0.20546
86402.30559,0.454056,0.817047,0.249771
86402.33082999995,0.465958,0.785934,0.297256
86402.3561,0.465759,0.757492,0.330978
86402.38134,0.431534,0.764282,0.355728
86402.40658,0.44249,0.775482,0.35173
86402.43184000002,0.457123,0.798523,0.314377
86402.45709,0.464478,0.855286,0.295746
86402.48235000005,0.455032,0.934097,0.328445
86402.50759,0.447281,0.971344,0.328003
86402.53283,0.473099,0.97644,0.309586
86402.55809,0.453491,0.941193,0.294235
86402.58333,0.419418,1.041718,0.341812
86402.6086,0.417404,1.053833,0.360001
86402.63384000001,0.443954,1.062744,0.35704
86402.65908,0.447754,1.049545,0.322083
86402.68433999999,0.442978,1.025177,0.22049
86402.70959,0.415863,1.122513,0.185959
86402.73485,0.378632,1.105743,0.233597
86402.76009,0.352295,1.097672,0.237289
86402.78532,0.35817,1.141891,0.240906
86402.81059999997,0.358978,1.173035,0.229218
86402.83583,0.379349,1.14769,0.229263
86402.86109999994,0.380676,1.060867,0.195099
86402.88634,0.338577,0.964279,0.195724
86402.91158,0.283569,0.895172,0.187256
86402.93684,0.261658,0.881927,0.169525
86402.96208000007,0.259094,0.906418,0.135132
86402.98734,0.269669,0.881683,0.088776
86403.01258,0.274277,0.829788,0.084335
86403.03782,0.275665,0.757339,0.082672
86403.06309,0.275696,0.693115,0.083237
86403.08833,0.26767,0.654007,0.088394
86403.11359,0.252625,0.624939,0.115326
86403.13868,0.26207,0.613098,0.183533
86403.16392,0.293442,0.625122,0.255249
86403.18919,0.305908,0.661758,0.275696
86403.21443000002,0.33226,0.75943,0.235077
86403.23969000002,0.390976,1.068771,0.212158
86403.26493000005,0.482712,1.184189,0.187515
86403.29017,0.553436,1.124573,0.207291
86403.31543,0.482086,1.103134,0.340103
86403.34067,0.401947,1.224304,0.462387
86403.36592999999,0.345337,1.434738,0.531128
86403.39117,0.381668,1.488907,0.408096
86403.41641,0.462051,1.281555,0.244415
86403.44167,0.406265,0.938354,0.185837
86403.46691,0.275131,0.740189,0.250229
86403.49217,0.229263,0.734756,0.264221
86403.51741999999,0.278427,0.732758,0.24472
86403.54266,0.344818,0.769012,0.212219
86403.56792000003,0.393234,0.774567,0.2034
86403.59316,0.440048,0.737,0.242416
86403.61842999997,0.478683,0.688904,0.302628
86403.64366999999,0.471832,0.682922,0.339554
86403.66891,0.413422,0.708282,0.361359
86403.69418,0.355148,0.7341,0.346725
86403.71942,0.326981,0.795105,0.337555
86403.74469,0.346146,0.935532,0.363708
86403.76993,0.382324,1.00885,0.371796
86403.79518,0.407684,1.007462,0.321594
86403.82044,0.400024,1.025253,0.317596
86403.84569,0.393539,1.104691,0.32666
86403.87095,0.401245,1.188934,0.361862
86403.8962,0.41893,1.161072,0.364944
86403.92144,0.412827,1.205048,0.410767
86403.94669999999,0.396851,1.130814,0.399185
86403.97194,0.355591,0.970703,0.292114
86403.99721,0.284714,0.993942,0.262939
86404.02245,0.238281,1.091217,0.29216
86404.04768999999,0.292038,1.156219,0.278
86404.07296,0.363144,1.161331,0.235611
86404.0982,0.375916,1.080322,0.179779
86404.12345999999,0.34848,0.970261,0.143066
86404.14869999996,0.304932,0.901184,0.119843
86404.17394,0.264191,0.856812,0.103287
86404.19921,0.235825,0.834274,0.095032
86404.22444,0.231888,0.829727,0.088333
86404.24971,0.232712,0.787888,0.066742
86404.27495,0.231781,0.724121,0.057129
86404.30019,0.24118,0.681915,0.061752
86404.32545,0.254318,0.650528,0.081879
86404.35069000008,0.265396,0.615311,0.114426
86404.37595999993,0.281723,0.630051,0.171097
86404.4012,0.304413,0.702408,0.222336
86404.42643000002,0.364029,0.77919,0.242813
86404.4517,0.414551,0.856354,0.238678
86404.47694,0.435822,0.942749,0.243011
86404.5022,0.4702,1.189484,0.324966
86404.52743999995,0.50325,1.280823,0.348724
86404.55268,0.515213,1.185074,0.334778
86404.57794,0.47171,1.056213,0.374451
86404.60317999999,0.365387,1.00882,0.446304
86404.62845,0.307434,1.083954,0.424744
86404.65367999999,0.375366,1.240707,0.356766
86404.67891999998,0.452515,1.225021,0.293747
86404.70418,0.436981,1.032074,0.281967
86404.72941999996,0.358109,0.864944,0.29567
86404.75469,0.308212,0.750839,0.285461
86404.77993,0.287216,0.712463,0.283234
86404.80517,0.28479,0.727005,0.257477
86404.83043999999,0.309235,0.758347,0.242661
86404.85567,0.338577,0.768341,0.242401
86404.88094,0.360413,0.729248,0.265457
86404.90617999998,0.373901,0.668549,0.309174
86404.93141999995,0.35614,0.701828,0.329727
86404.95668,0.336182,0.794327,0.361511
86404.98193,0.348206,0.832932,0.336807
86405.0072,0.38002,0.872986,0.296707
86405.03244,0.396439,0.923477,0.288376
86405.05768999993,0.411133,0.917313,0.317062
86405.08295,0.448166,0.894272,0.340454
86405.10819000004,0.488907,0.884018,0.340958
86405.13346,0.483444,0.885635,0.330811
86405.1587,0.467438,1.025314,0.34346
86405.18394000006,0.505356,1.274994,0.436813
86405.20921,0.644302,1.29953,0.455765
86405.23445,0.734314,1.134857,0.334
86405.25971999994,0.813156,1.023621,0.270935
86405.28495,0.848877,1.075546,0.347336
86405.31020000004,0.840408,1.009552,0.364685
86405.33547,1.0009,0.856003,0.27475
86405.36072,1.128113,0.748993,0.186768
86405.38598,1.084152,0.610199,0.164627
86405.41123,0.948151,0.448822,0.191193
86405.43647,0.888489,0.356903,0.209503
86405.46174000004,0.747849,0.238602,0.120056
86405.48699,0.661728,0.083557,0.079803
86405.51225,0.814575,-0.039108,0.039581
86405.5375,0.957062,0.004532,-0.046158
86405.56275,0.856873,-0.07312,-0.096695
86405.58801,0.796753,-0.044159,-0.191788
86405.61326,0.73262,-0.146301,-0.189484
86405.63853,0.659424,-0.242767,-0.214905
86405.66378,0.702698,-0.307129,-0.203903
86405.68902,0.622757,-0.355698,-0.228043
86405.71429,0.515976,-0.382401,-0.290085
86405.73953,0.487076,-0.395447,-0.2845
86405.7648,0.515732,-0.406586,-0.315125
86405.79005,0.598114,-0.412903,-0.439529
86405.81529000001,0.572891,-0.469681,-0.46965
86405.84056,0.639481,-0.486664,-0.466537
86405.86580999994,0.718552,-0.546936,-0.623703
86405.89107,0.543594,-0.523727,-0.704285
86405.91631,0.613937,-0.590576,-0.6362
86405.94156000002,0.421768,-0.5439,-0.564911
86405.96683,0.50351,-0.626968,-0.624008
86405.99207,0.509048,-0.539474,-0.665878
86406.01734000002,0.462296,-0.508728,-0.680038
86406.04258,0.441788,-0.570633,-0.664764
86406.06783000004,0.444183,-0.594574,-0.717697
86406.09310000003,0.453705,-0.558975,-0.754471
86406.11834,0.429779,-0.536041,-0.72493
86406.1436,0.413132,-0.539886,-0.723282
86406.16884000001,0.447784,-0.546829,-0.771057
86406.19409000005,0.405884,-0.568405,-0.789001
86406.21935999999,0.380951,-0.544846,-0.744888
86406.2446,0.267838,-0.551285,-0.691223
86406.26986,0.312302,-0.526749,-0.7491
86406.29511,0.349243,-0.509018,-0.796936
86406.32035,0.357956,-0.516541,-0.81929
86406.34562,0.361084,-0.532898,-0.800278
86406.37086,0.354614,-0.525131,-0.780869
86406.39612999998,0.349442,-0.525436,-0.769287
86406.42137,0.374084,-0.528793,-0.764832
86406.44662,0.362625,-0.543976,-0.780685
86406.47188000001,0.358429,-0.537506,-0.748169
86406.49712,0.380295,-0.536377,-0.719971
86406.52239,0.40274,-0.494034,-0.749863
86406.54763,0.382263,-0.491791,-0.765457
86406.57287,0.374863,-0.517319,-0.773682
86406.59814,0.372086,-0.51857,-0.777313
86406.62339,0.358627,-0.529007,-0.753433
86406.64865,0.360397,-0.525208,-0.765656
86406.6739,0.326706,-0.541916,-0.784241
86406.69914,0.305557,-0.520889,-0.752426
86406.72441,0.358536,-0.495758,-0.72319
86406.74965000006,0.355621,-0.53064,-0.790192
86406.77492,0.333496,-0.545425,-0.762833
86406.80016,0.33194,-0.520752,-0.71756

